SITE,OMEGA,ALPHA,BETA,ALPHA=BETA,LRT,P-VAL,TBL
203,2,1.233856893542758,34.22935779816549,6.374225811562884,-0.02160339335602401,1,0
