SITE,OMEGA,ALPHA,BETA,ALPHA=BETA,LRT,P-VAL,TBL
22,1.5358823997873003,0.05327918860216575,0.08183056804901452,0.07503900220982843,0.1664035390818555,0.6833280780027977,0
148,0.9587977155367167,0.6849580419577347,0.6567362058675785,0.6650382894625965,0.009853425998983312,0.9209283239047343,0
