GENE,SITE,OMEGA,ALPHA,BETA,ALPHA=BETA,LRT,P-VAL,TBL
HspB1,203,2,1.233856893542758,34.22935779816549,6.374225811562884,-0.02160339335602401,1,0
HspB3,2,1.2494348033165399,0.3284162561456654,0.4103347004033138,0.3895653951584373,0.1830042984078091,0.6688040059456035,0
HspB3,10,1.2289809512360257,0.2553701393432225,0.31384503676731,0.2999863518246179,0.122849695316404,0.7259640839046007,0
HspB3,44,1.4500974363636607,0.4839680235941596,0.7018007902958785,0.603991452918447,0.8214165341176454,0.3647663299133314,0
HspB3,47,2,0.3627798768023596,1.046090672720957,0.8185553059630991,6.024259570561583,0.01411055004221795,0
HspB3,52,1.6646572475157568,0.768659221290887,1.279554143591693,1.106280216835822,1.790727496936427,0.1808375498708807,0
HspB3,65,1.3131674447680672,0.4378536442026424,0.5749751511399703,0.5386797339538897,0.3533897076948165,0.5522005424457133,0
HspB3,144,1.7548409050296307,0.9883570553589781,1.73440938951857,1.459121078044016,2.857455892611199,0.09095124406307187,0
HspB5,22,1.5358823997873003,0.05327918860216575,0.08183056804901452,0.07503900220982843,0.1664035390818555,0.6833280780027977,0
HspB5,148,0.9587977155367167,0.6849580419577347,0.6567362058675785,0.6650382894625965,0.009853425998983312,0.9209283239047343,0
HspB8,186,1.1255114471837364,0.3669541394649675,0.4130110845592782,0.4041769453304068,0.0637819097308352,0.8006153487419877,0
