SITE,OMEGA,ALPHA,BETA,ALPHA=BETA,LRT,P-VAL,TBL
2,1.2494348033165399,0.3284162561456654,0.4103347004033138,0.3895653951584373,0.1830042984078091,0.6688040059456035,0
10,1.2289809512360257,0.2553701393432225,0.31384503676731,0.2999863518246179,0.122849695316404,0.7259640839046007,0
44,1.4500974363636607,0.4839680235941596,0.7018007902958785,0.603991452918447,0.8214165341176454,0.3647663299133314,0
47,2,0.3627798768023596,1.046090672720957,0.8185553059630991,6.024259570561583,0.01411055004221795,0
52,1.6646572475157568,0.768659221290887,1.279554143591693,1.106280216835822,1.790727496936427,0.1808375498708807,0
65,1.3131674447680672,0.4378536442026424,0.5749751511399703,0.5386797339538897,0.3533897076948165,0.5522005424457133,0
144,1.7548409050296307,0.9883570553589781,1.73440938951857,1.459121078044016,2.857455892611199,0.09095124406307187,0
