SITE,OMEGA,ALPHA,BETA,ALPHA=BETA,LRT,P-VAL,TBL
186,1.1255114471837364,0.3669541394649675,0.4130110845592782,0.4041769453304068,0.0637819097308352,0.8006153487419877,0
